"name[Alimentum], area[city centre], familyFriendly[no]","There is a place in the city centre, Alimentum, that is not family-friendly."
"name[Aromi], eatType[coffee shop], food[Chinese], customer rating[1 out of 5], area[riverside], familyFriendly[yes]",Aromi is an Chinese coffee shop has 1 out of 5 in the customer rating near the riverside and friendly with kid
"name[Browns Cambridge], eatType[coffee shop], food[English], customer rating[5 out of 5], area[riverside], familyFriendly[no], near[Crowne Plaza Hotel]","Browns Cambridge, a 5 out of 5 English coffee shop, is not kid friendly. It is located near Crowne Plaza Hotel and riverside."
"name[Clowns], eatType[coffee shop], food[Chinese], customer rating[average], area[riverside], near[Clare Hall]","Clowns is a coffee shop with Chinese food, having an average customer Rating, located in the riverside area near Clare Hall."
"name[Cocum], eatType[coffee shop], food[English], priceRange[moderate], customer rating[3 out of 5], familyFriendly[yes]","There is a moderately priced Thai restaurant for the family that has a 3-star rating, called Cocum coffee shop."
"name[Cotto], eatType[coffee shop], food[English], priceRange[cheap], customer rating[5 out of 5], area[riverside], near[The Portland Arms]","Cotto is an inexpensive coffee shop located near The Portland Arms, with 5 stars."
"name[Fitzbillies], eatType[coffee shop], food[English], priceRange[cheap], customer rating[5 out of 5], area[city centre], familyFriendly[yes]","The highly rated English coffee shop, Fitzbillies is located in the city centre.  It is appropriate for the whole family."